observation_date,PAYEMS,CE16OV,INDPRO,CMRMT,PCEC96,W875RX1
1919-01-01,,,4.8665,,,
1919-02-01,,,4.6514,,,
1919-03-01,,,4.517,,,
1919-04-01,,,4.5976,,,
1919-05-01,,,4.6245,,,
1919-06-01,,,4.9203,,,
1919-07-01,,,5.216,,,
1919-08-01,,,5.2967,,,
1919-09-01,,,5.1891,,,
1919-10-01,,,5.1354,,,
1919-11-01,,,5.0547,,,
1919-12-01,,,5.1354,,,
1920-01-01,,,5.6193,,,
1920-02-01,,,5.6193,,,
1920-03-01,,,5.5118,,,
1920-04-01,,,5.216,,,
1920-05-01,,,5.3505,,,
1920-06-01,,,5.4042,,,
1920-07-01,,,5.2698,,,
1920-08-01,,,5.2967,,,
1920-09-01,,,5.1085,,,
1920-10-01,,,4.8934,,,
1920-11-01,,,4.4901,,,
1920-12-01,,,4.2212,,,
1921-01-01,,,3.9792,,,
1921-02-01,,,3.8986,,,
1921-03-01,,,3.791,,,
1921-04-01,,,3.791,,,
1921-05-01,,,3.8986,,,
1921-06-01,,,3.8717,,,
1921-07-01,,,3.8448,,,
1921-08-01,,,3.9792,,,
1921-09-01,,,4.0061,,,
1921-10-01,,,4.2481,,,
1921-11-01,,,4.1943,,,
1921-12-01,,,4.1674,,,
1922-01-01,,,4.3288,,,
1922-02-01,,,4.517,,,
1922-03-01,,,4.7589,,,
1922-04-01,,,4.5976,,,
1922-05-01,,,4.8396,,,
1922-06-01,,,5.0816,,,
1922-07-01,,,5.0816,,,
1922-08-01,,,4.974,,,
1922-09-01,,,5.2429,,,
1922-10-01,,,5.5387,,,
1922-11-01,,,5.7806,,,
1922-12-01,,,5.942,,,
1923-01-01,,,5.8075,,,
1923-02-01,,,5.8882,,,
1923-03-01,,,6.0764,,,
1923-04-01,,,6.2108,,,
1923-05-01,,,6.2915,,,
1923-06-01,,,6.2377,,,
1923-07-01,,,6.1839,,,
1923-08-01,,,6.0764,,,
1923-09-01,,,5.942,,,
1923-10-01,,,5.9151,,,
1923-11-01,,,5.9151,,,
1923-12-01,,,5.7806,,,
1924-01-01,,,5.9151,,,
1924-02-01,,,6.0226,,,
1924-03-01,,,5.9151,,,
1924-04-01,,,5.7269,,,
1924-05-01,,,5.4849,,,
1924-06-01,,,5.2429,,,
1924-07-01,,,5.1622,,,
1924-08-01,,,5.3505,,,
1924-09-01,,,5.5387,,,
1924-10-01,,,5.6731,,,
1924-11-01,,,5.7806,,,
1924-12-01,,,5.942,,,
1925-01-01,,,6.1302,,,
1925-02-01,,,6.1302,,,
1925-03-01,,,6.1302,,,
1925-04-01,,,6.1839,,,
1925-05-01,,,6.1571,,,
1925-06-01,,,6.1033,,,
1925-07-01,,,6.2646,,,
1925-08-01,,,6.1571,,,
1925-09-01,,,6.0764,,,
1925-10-01,,,6.3184,,,
1925-11-01,,,6.4528,,,
1925-12-01,,,6.5335,,,
1926-01-01,,,6.4259,,,
1926-02-01,,,6.4259,,,
1926-03-01,,,6.5066,,,
1926-04-01,,,6.5066,,,
1926-05-01,,,6.4528,,,
1926-06-01,,,6.5335,,,
1926-07-01,,,6.5604,,,
1926-08-01,,,6.641,,,
1926-09-01,,,6.7486,,,
1926-10-01,,,6.7486,,,
1926-11-01,,,6.7217,,,
1926-12-01,,,6.6948,,,
1927-01-01,,,6.6679,,,
1927-02-01,,,6.7217,,,
1927-03-01,,,6.8023,,,
1927-04-01,,,6.641,,,
1927-05-01,,,6.6948,,,
1927-06-01,,,6.6679,,,
1927-07-01,,,6.5872,,,
1927-08-01,,,6.5872,,,
1927-09-01,,,6.4797,,,
1927-10-01,,,6.3453,,,
1927-11-01,,,6.3453,,,
1927-12-01,,,6.3722,,,
1928-01-01,,,6.5066,,,
1928-02-01,,,6.5604,,,
1928-03-01,,,6.6141,,,
1928-04-01,,,6.5872,,,
1928-05-01,,,6.6679,,,
1928-06-01,,,6.7217,,,
1928-07-01,,,6.8023,,,
1928-08-01,,,6.9368,,,
1928-09-01,,,6.9905,,,
1928-10-01,,,7.125,,,
1928-11-01,,,7.2594,,,
1928-12-01,,,7.3938,,,
1929-01-01,,,7.5014,,,
1929-02-01,,,7.4745,,,
1929-03-01,,,7.5014,,,
1929-04-01,,,7.6358,,,
1929-05-01,,,7.7703,,,
1929-06-01,,,7.824,,,
1929-07-01,,,7.9316,,,
1929-08-01,,,7.8509,,,
1929-09-01,,,7.7972,,,
1929-10-01,,,7.6627,,,
1929-11-01,,,7.2863,,,
1929-12-01,,,6.9637,,,
1930-01-01,,,6.9637,,,
1930-02-01,,,6.9368,,,
1930-03-01,,,6.8292,,,
1930-04-01,,,6.7755,,,
1930-05-01,,,6.6679,,,
1930-06-01,,,6.4797,,,
1930-07-01,,,6.1839,,,
1930-08-01,,,6.0495,,,
1930-09-01,,,5.942,,,
1930-10-01,,,5.7806,,,
1930-11-01,,,5.6462,,,
1930-12-01,,,5.5118,,,
1931-01-01,,,5.4849,,,
1931-02-01,,,5.5118,,,
1931-03-01,,,5.6193,,,
1931-04-01,,,5.6462,,,
1931-05-01,,,5.5656,,,
1931-06-01,,,5.4311,,,
1931-07-01,,,5.3505,,,
1931-08-01,,,5.1622,,,
1931-09-01,,,4.9203,,,
1931-10-01,,,4.7321,,,
1931-11-01,,,4.6783,,,
1931-12-01,,,4.6514,,,
1932-01-01,,,4.517,,,
1932-02-01,,,4.4094,,,
1932-03-01,,,4.3556,,,
1932-04-01,,,4.0599,,,
1932-05-01,,,3.9255,,,
1932-06-01,,,3.791,,,
1932-07-01,,,3.6835,,,
1932-08-01,,,3.791,,,
1932-09-01,,,4.033,,,
1932-10-01,,,4.1674,,,
1932-11-01,,,4.1674,,,
1932-12-01,,,4.0868,,,
1933-01-01,,,4.0061,,,
1933-02-01,,,4.033,,,
1933-03-01,,,3.791,,,
1933-04-01,,,4.0599,,,
1933-05-01,,,4.7321,,,
1933-06-01,,,5.458,,,
1933-07-01,,,5.9688,,,
1933-08-01,,,5.7269,,,
1933-09-01,,,5.4042,,,
1933-10-01,,,5.1354,,,
1933-11-01,,,4.8396,,,
1933-12-01,,,4.8665,,,
1934-01-01,,,5.0278,,,
1934-02-01,,,5.2698,,,
1934-03-01,,,5.5118,,,
1934-04-01,,,5.5118,,,
1934-05-01,,,5.6193,,,
1934-06-01,,,5.5118,,,
1934-07-01,,,5.1354,,,
1934-08-01,,,5.0816,,,
1934-09-01,,,4.7858,,,
1934-10-01,,,5.0009,,,
1934-11-01,,,5.0547,,,
1934-12-01,,,5.3773,,,
1935-01-01,,,5.8075,,,
1935-02-01,,,5.9151,,,
1935-03-01,,,5.8882,,,
1935-04-01,,,5.7806,,,
1935-05-01,,,5.7806,,,
1935-06-01,,,5.8613,,,
1935-07-01,,,5.8613,,,
1935-08-01,,,6.0764,,,
1935-09-01,,,6.2377,,,
1935-10-01,,,6.4259,,,
1935-11-01,,,6.5604,,,
1935-12-01,,,6.641,,,
1936-01-01,,,6.5335,,,
1936-02-01,,,6.3722,,,
1936-03-01,,,6.4528,,,
1936-04-01,,,6.8561,,,
1936-05-01,,,6.9905,,,
1936-06-01,,,7.125,,,
1936-07-01,,,7.2594,,,
1936-08-01,,,7.367,,,
1936-09-01,,,7.5014,,,
1936-10-01,,,7.6089,,,
1936-11-01,,,7.824,,,
1936-12-01,,,8.066,,,
1937-01-01,,,8.0391,,,
1937-02-01,,,8.1467,,,
1937-03-01,,,8.3349,,,
1937-04-01,,,8.3349,,,
1937-05-01,,,8.3618,,,
1937-06-01,,,8.2542,,,
1937-07-01,,,8.308,,,
1937-08-01,,,8.2542,,,
1937-09-01,,,7.9854,,,
1937-10-01,,,7.3938,,,
1937-11-01,,,6.6679,,,
1937-12-01,,,6.0764,,,
1938-01-01,,,5.942,,,
1938-02-01,,,5.8882,,,
1938-03-01,,,5.8882,,,
1938-04-01,,,5.7806,,,
1938-05-01,,,5.6462,,,
1938-06-01,,,5.7,,,
1938-07-01,,,6.0226,,,
1938-08-01,,,6.3453,,,
1938-09-01,,,6.5335,,,
1938-10-01,,,6.6948,,,
1938-11-01,,,6.9637,,,
1938-12-01,,,7.0443,,,
1939-01-01,29923.0,,7.0443,,,
1939-02-01,30100.0,,7.0981,,,
1939-03-01,30280.0,,7.125,,,
1939-04-01,30094.0,,7.0981,,,
1939-05-01,30299.0,,7.0712,,,
1939-06-01,30502.0,,7.2325,,,
1939-07-01,30419.0,,7.4476,,,
1939-08-01,30663.0,,7.5552,,,
1939-09-01,31031.0,,8.0122,,,
1939-10-01,31411.0,,8.4155,,,
1939-11-01,31470.0,,8.6306,,,
1939-12-01,31542.0,,8.6306,,,
1940-01-01,31603.0,,8.5231,,,
1940-02-01,31715.0,,8.2542,,,
1940-03-01,31825.0,,8.066,,,
1940-04-01,31701.0,,8.2273,,,
1940-05-01,31879.0,,8.4693,,,
1940-06-01,31977.0,,8.7382,,,
1940-07-01,31942.0,,8.8457,,,
1940-08-01,32352.0,,8.8995,,,
1940-09-01,32810.0,,9.0877,,,
1940-10-01,33267.0,,9.2221,,,
1940-11-01,33669.0,,9.4372,,,
1940-12-01,34174.0,,9.7599,,,
1941-01-01,34481.0,,10.0019,,,
1941-02-01,34843.0,,10.2976,,,
1941-03-01,35092.0,,10.6203,,,
1941-04-01,35468.0,,10.6471,,,
1941-05-01,36182.0,,11.1311,,,
1941-06-01,36650.0,,11.2118,,,
1941-07-01,37137.0,,11.3462,,,
1941-08-01,37544.0,,11.4806,,,
1941-09-01,37835.0,,11.4806,,,
1941-10-01,37949.0,,11.5882,,,
1941-11-01,38024.0,,11.642,,,
1941-12-01,38104.0,,11.8302,,,
1942-01-01,38347.0,,12.0721,,,
1942-02-01,38512.0,,12.2872,,,
1942-03-01,38935.0,,12.4217,,,
1942-04-01,39352.0,,12.0721,,,
1942-05-01,39771.0,,12.099,,,
1942-06-01,40029.0,,12.1259,,,
1942-07-01,40472.0,,12.4217,,,
1942-08-01,40988.0,,12.7981,,,
1942-09-01,41259.0,,13.0938,,,
1942-10-01,41515.0,,13.524,,,
1942-11-01,41674.0,,13.8467,,,
1942-12-01,41915.0,,14.1693,,,
1943-01-01,42172.0,,14.3037,,,
1943-02-01,42393.0,,14.6801,,,
1943-03-01,42552.0,,14.7877,,,
1943-04-01,42647.0,,14.9759,,,
1943-05-01,42596.0,,15.0834,,,
1943-06-01,42781.0,,15.0028,,,
1943-07-01,42700.0,,15.4599,,,
1943-08-01,42546.0,,15.7825,,,
1943-09-01,42492.0,,16.1858,,,
1943-10-01,42675.0,,16.4278,,,
1943-11-01,42821.0,,16.6429,,,
1943-12-01,42746.0,,16.4278,,,
1944-01-01,42654.0,,16.616,,,
1944-02-01,42538.0,,16.7504,,,
1944-03-01,42294.0,,16.7235,,,
1944-04-01,42063.0,,16.7235,,,
1944-05-01,41985.0,,16.616,,,
1944-06-01,41947.0,,16.5622,,,
1944-07-01,41904.0,,16.5353,,,
1944-08-01,41850.0,,16.7504,,,
1944-09-01,41679.0,,16.6429,,,
1944-10-01,41708.0,,16.6967,,,
1944-11-01,41711.0,,16.5622,,,
1944-12-01,41860.0,,16.5084,,,
1945-01-01,41895.0,,16.3471,,,
1945-02-01,41897.0,,16.2934,,,
1945-03-01,41798.0,,16.1858,,,
1945-04-01,41446.0,,15.8901,,,
1945-05-01,41304.0,,15.4599,,,
1945-06-01,41149.0,,15.1103,,,
1945-07-01,40874.0,,14.7608,,,
1945-08-01,40466.0,,13.2283,,,
1945-09-01,38507.0,,12.0453,,,
1945-10-01,38600.0,,11.5613,,,
1945-11-01,38996.0,,11.9915,,,
1945-12-01,39110.0,,12.0453,,,
1946-01-01,39829.0,,11.3731,,,
1946-02-01,39244.0,,10.8085,,,
1946-03-01,40195.0,,11.9377,,,
1946-04-01,40913.0,,11.7226,,,
1946-05-01,41349.0,,11.2924,,,
1946-06-01,41735.0,,11.9915,,,
1946-07-01,42153.0,,12.3948,,,
1946-08-01,42642.0,,12.8519,,,
1946-09-01,42915.0,,13.0938,,,
1946-10-01,43093.0,,13.3358,,,
1946-11-01,43395.0,,13.4165,,,
1946-12-01,43379.0,,13.4971,,,
1947-01-01,43535.0,,13.6585,,,
1947-02-01,43557.0,,13.7391,,,
1947-03-01,43607.0,,13.8198,,,
1947-04-01,43499.0,,13.7122,,,
1947-05-01,43638.0,,13.766,,,
1947-06-01,43810.0,,13.766,,,
1947-07-01,43743.0,,13.6853,,,
1947-08-01,43960.0,,13.766,,,
1947-09-01,44203.0,,13.8736,,,
1947-10-01,44411.0,,14.008,,,
1947-11-01,44484.0,,14.1962,,,
1947-12-01,44581.0,,14.25,,,
1948-01-01,44679.0,58061.0,14.3306,,,
1948-02-01,44533.0,58196.0,14.3575,,,
1948-03-01,44683.0,57671.0,14.1962,,,
1948-04-01,44379.0,58291.0,14.2231,,,
1948-05-01,44796.0,57854.0,14.4651,,,
1948-06-01,45034.0,58743.0,14.6533,,,
1948-07-01,45160.0,58968.0,14.6533,,,
1948-08-01,45178.0,58456.0,14.5995,,,
1948-09-01,45294.0,58513.0,14.4919,,,
1948-10-01,45245.0,58387.0,14.5995,,,
1948-11-01,45192.0,58417.0,14.4113,,,
1948-12-01,45032.0,58740.0,14.2768,,,
1949-01-01,44668.0,58175.0,14.1424,,,
1949-02-01,44497.0,58208.0,14.008,,,
1949-03-01,44240.0,58043.0,13.7391,,,
1949-04-01,44236.0,57747.0,13.6585,,,
1949-05-01,43984.0,57552.0,13.4702,,,
1949-06-01,43739.0,57172.0,13.4434,,,
1949-07-01,43531.0,57190.0,13.4165,,,
1949-08-01,43624.0,57397.0,13.5509,,,
1949-09-01,43780.0,57584.0,13.6854,,,
1949-10-01,42942.0,57269.0,13.1745,,,
1949-11-01,43242.0,58009.0,13.524,,,
1949-12-01,43522.0,57845.0,13.766,,,
1950-01-01,43526.0,57635.0,14.008,,,
1950-02-01,43297.0,57751.0,14.0618,,,
1950-03-01,43954.0,57728.0,14.5188,,,
1950-04-01,44382.0,58583.0,15.0028,,,
1950-05-01,44718.0,58649.0,15.3523,,,
1950-06-01,45083.0,59052.0,15.8094,,,
1950-07-01,45454.0,59001.0,16.3202,,,
1950-08-01,46192.0,59797.0,16.8311,,,
1950-09-01,46438.0,59575.0,16.7235,,,
1950-10-01,46706.0,59803.0,16.8311,,,
1950-11-01,46776.0,59697.0,16.8042,,,
1950-12-01,46861.0,59429.0,17.1,,,
1951-01-01,47288.0,59636.0,17.1537,,,
1951-02-01,47577.0,59661.0,17.2613,,,
1951-03-01,47873.0,60401.0,17.3419,,,
1951-04-01,47861.0,59889.0,17.3688,,,
1951-05-01,47952.0,60188.0,17.3151,,,
1951-06-01,48064.0,59620.0,17.2344,,,
1951-07-01,48061.0,60156.0,16.9655,,,
1951-08-01,48012.0,59994.0,16.8042,,,
1951-09-01,47954.0,59713.0,16.9118,,,
1951-10-01,48006.0,60010.0,16.8849,,,
1951-11-01,48147.0,59836.0,17.0193,,,
1951-12-01,48314.0,60497.0,17.1268,,,
1952-01-01,48296.0,60460.0,17.315,,,
1952-02-01,48522.0,60462.0,17.4226,,,
1952-03-01,48504.0,59908.0,17.4764,,,
1952-04-01,48620.0,59909.0,17.315,,,
1952-05-01,48642.0,60195.0,17.1537,,,
1952-06-01,48282.0,60219.0,16.9924,,,
1952-07-01,48143.0,59971.0,16.7235,,,
1952-08-01,48924.0,59790.0,17.799,,,
1952-09-01,49320.0,60521.0,18.4443,,,
1952-10-01,49597.0,60132.0,18.6325,,,
1952-11-01,49816.0,60748.0,19.0089,,,
1952-12-01,50166.0,60954.0,19.1164,,,
1953-01-01,50144.0,61600.0,19.1702,,,
1953-02-01,50339.0,61884.0,19.2778,,,
1953-03-01,50473.0,62010.0,19.4391,,,
1953-04-01,50435.0,61444.0,19.5198,,,
1953-05-01,50490.0,61019.0,19.6273,,,
1953-06-01,50519.0,61456.0,19.5466,,,
1953-07-01,50536.0,61397.0,19.7886,,,
1953-08-01,50489.0,61151.0,19.6811,,,
1953-09-01,50368.0,60906.0,19.2778,,,
1953-10-01,50240.0,60893.0,19.1165,,,
1953-11-01,49908.0,60738.0,18.6594,,,
1953-12-01,49703.0,59977.0,18.2023,,,
1954-01-01,49469.0,60024.0,18.0679,,,
1954-02-01,49382.0,60663.0,18.1217,,,
1954-03-01,49157.0,60186.0,18.0141,,,
1954-04-01,49179.0,60185.0,17.9066,,,
1954-05-01,48965.0,59908.0,18.0141,,,
1954-06-01,48895.0,59792.0,18.0679,,,
1954-07-01,48835.0,59643.0,18.0948,,,
1954-08-01,48826.0,59853.0,18.0679,,,
1954-09-01,48886.0,60282.0,18.0948,,,
1954-10-01,48942.0,60270.0,18.3099,,,
1954-11-01,49180.0,60357.0,18.6056,,,
1954-12-01,49331.0,60116.0,18.8476,,,
1955-01-01,49496.0,60753.0,19.2778,,,
1955-02-01,49644.0,60727.0,19.5198,,,
1955-03-01,49962.0,60964.0,19.9768,,,
1955-04-01,50248.0,61515.0,20.2188,,,
1955-05-01,50512.0,61634.0,20.5414,,,
1955-06-01,50790.0,61781.0,20.5684,,,
1955-07-01,50987.0,62513.0,20.7297,,,
1955-08-01,51111.0,62797.0,20.7028,,,
1955-09-01,51266.0,62950.0,20.8372,,,
1955-10-01,51429.0,62991.0,21.1867,,,
1955-11-01,51592.0,63257.0,21.2405,,,
1955-12-01,51805.0,63684.0,21.3212,,,
1956-01-01,51975.0,63753.0,21.4556,,,
1956-02-01,52167.0,63518.0,21.2674,,,
1956-03-01,52294.0,63411.0,21.2674,,,
1956-04-01,52375.0,63614.0,21.4287,,,
1956-05-01,52506.0,63861.0,21.2405,,,
1956-06-01,52586.0,63820.0,21.0523,,,
1956-07-01,51955.0,63800.0,20.407,,,
1956-08-01,52631.0,63972.0,21.2405,,,
1956-09-01,52604.0,64079.0,21.7245,,,
1956-10-01,52777.0,63975.0,21.9127,,,
1956-11-01,52821.0,63796.0,21.7245,,,
1956-12-01,52929.0,63910.0,22.0471,,,
1957-01-01,52887.0,63632.0,21.9665,,,
1957-02-01,53097.0,64257.0,22.1816,,,
1957-03-01,53156.0,64404.0,22.1547,,,
1957-04-01,53238.0,64047.0,21.8589,,,
1957-05-01,53150.0,63985.0,21.7782,,,
1957-06-01,53067.0,64196.0,21.832,,,
1957-07-01,53123.0,64540.0,21.9665,,,
1957-08-01,53128.0,63959.0,21.9665,,,
1957-09-01,52934.0,64121.0,21.7783,,,
1957-10-01,52763.0,64046.0,21.4556,,,
1957-11-01,52558.0,63669.0,20.9448,,,
1957-12-01,52384.0,63922.0,20.5414,,,
1958-01-01,52076.0,63220.0,20.165,,,
1958-02-01,51576.0,62898.0,19.7349,,,
1958-03-01,51299.0,62731.0,19.4929,,,
1958-04-01,51027.0,62631.0,19.1702,,,
1958-05-01,50914.0,62874.0,19.3584,,,
1958-06-01,50914.0,62730.0,19.8693,,,
1958-07-01,51039.0,62745.0,20.165,,,
1958-08-01,51233.0,63012.0,20.5683,,,
1958-09-01,51506.0,63181.0,20.7566,,,
1958-10-01,51485.0,63475.0,20.9985,,,
1958-11-01,51944.0,63470.0,21.6169,,,
1958-12-01,52085.0,63549.0,21.6438,,,
1959-01-01,52478.0,63868.0,21.9665,,,2426.0
1959-02-01,52688.0,63684.0,22.3966,,,2434.8
1959-03-01,53014.0,64267.0,22.7193,,,2452.7
1959-04-01,53321.0,64768.0,23.2032,,,2470.0
1959-05-01,53550.0,64699.0,23.5528,,,2486.4
1959-06-01,53681.0,64849.0,23.5797,,,2493.9
1959-07-01,53804.0,65011.0,23.015,,,2492.0
1959-08-01,53336.0,64844.0,22.2353,,,2477.7
1959-09-01,53428.0,64770.0,22.2084,,,2477.7
1959-10-01,53358.0,64911.0,22.0471,,,2480.6
1959-11-01,53634.0,64530.0,22.1816,,,2497.2
1959-12-01,54174.0,65341.0,23.5528,,,2525.8
1960-01-01,54274.0,65347.0,24.1712,,,2537.6
1960-02-01,54513.0,65620.0,23.9561,,,2539.9
1960-03-01,54454.0,64673.0,23.741,,,2542.2
1960-04-01,54813.0,65959.0,23.5528,,,2551.4
1960-05-01,54475.0,66057.0,23.5259,,,2557.6
1960-06-01,54348.0,66168.0,23.2301,,,2557.0
1960-07-01,54306.0,65909.0,23.1495,,,2561.9
1960-08-01,54272.0,65895.0,23.1226,,,2555.4
1960-09-01,54227.0,66267.0,22.8806,,,2556.1
1960-10-01,54142.0,65632.0,22.8537,,,2564.1
1960-11-01,53961.0,66109.0,22.5311,,,2549.4
1960-12-01,53742.0,65778.0,22.1009,,,2534.5
1961-01-01,53683.0,65776.0,22.1278,,,2556.6
1961-02-01,53557.0,65588.0,22.1009,,,2556.8
1961-03-01,53659.0,65850.0,22.2353,,,2569.4
1961-04-01,53627.0,65374.0,22.6924,,,2578.3
1961-05-01,53786.0,65449.0,23.0419,,,2593.7
1961-06-01,53977.0,65993.0,23.3646,,,2614.5
1961-07-01,54123.0,65608.0,23.6334,,,2620.7
1961-08-01,54298.0,65852.0,23.8485,,,2631.9
1961-09-01,54388.0,65541.0,23.8217,,,2637.0
1961-10-01,54522.0,65919.0,24.2787,,,2665.2
1961-11-01,54742.0,66081.0,24.6551,,,2689.7
1961-12-01,54872.0,65900.0,24.8702,,,2704.5
1962-01-01,54891.0,66108.0,24.6551,,,2700.8
1962-02-01,55188.0,66538.0,25.0584,,,2713.9
1962-03-01,55275.0,66493.0,25.1929,,,2731.9
1962-04-01,55602.0,66372.0,25.2466,,,2749.0
1962-05-01,55628.0,66688.0,25.2197,,,2752.9
1962-06-01,55644.0,66670.0,25.166,,,2756.3
1962-07-01,55746.0,66483.0,25.4079,,,2769.4
1962-08-01,55838.0,66968.0,25.4348,,,2772.5
1962-09-01,55978.0,67192.0,25.5962,,,2775.8
1962-10-01,56041.0,67114.0,25.6231,,,2785.0
1962-11-01,56056.0,66847.0,25.7306,,,2798.3
1962-12-01,56028.0,66947.0,25.7306,,,2813.0
1963-01-01,56115.0,67072.0,25.9188,,,2806.3
1963-02-01,56230.0,67024.0,26.2146,,,2813.7
1963-03-01,56320.0,67351.0,26.3759,,,2826.3
1963-04-01,56580.0,67642.0,26.6179,,,2834.3
1963-05-01,56616.0,67615.0,26.9405,,,2846.3
1963-06-01,56659.0,67649.0,27.0212,,,2861.0
1963-07-01,56794.0,67905.0,26.9136,,,2862.7
1963-08-01,56910.0,67908.0,26.9674,,,2872.9
1963-09-01,57078.0,68174.0,27.2362,,,2893.0
1963-10-01,57283.0,68294.0,27.4245,,,2908.9
1963-11-01,57255.0,68267.0,27.5589,,,2915.8
1963-12-01,57361.0,68213.0,27.5051,,,2936.6
1964-01-01,57487.0,68327.0,27.7471,,,2936.3
1964-02-01,57753.0,68751.0,27.9353,,,2962.7
1964-03-01,57897.0,68763.0,27.9353,,,2977.8
1964-04-01,57922.0,69356.0,28.3924,,,2996.0
1964-05-01,58089.0,69631.0,28.5537,,,3014.9
1964-06-01,58219.0,69218.0,28.6344,,,3026.6
1964-07-01,58412.0,69399.0,28.8226,,,3043.0
1964-08-01,58619.0,69463.0,29.0108,,,3061.5
1964-09-01,58903.0,69578.0,29.1183,,,3074.4
1964-10-01,58793.0,69582.0,28.715,,,3076.4
1964-11-01,59218.0,69735.0,29.6023,,,3099.1
1964-12-01,59421.0,69814.0,29.9518,,,3128.9
1965-01-01,59582.0,69997.0,30.2744,,,3134.5
1965-02-01,59800.0,70127.0,30.4627,,,3151.6
1965-03-01,60003.0,70439.0,30.866,,,3167.2
1965-04-01,60259.0,70633.0,31.0004,,,3178.8
1965-05-01,60491.0,71034.0,31.2424,,,3199.2
1965-06-01,60690.0,71025.0,31.4844,,,3208.7
1965-07-01,60965.0,71460.0,31.7801,,,3230.4
1965-08-01,61228.0,71362.0,31.9145,,,3247.6
1965-09-01,61490.0,71286.0,31.9952,,,3268.7
1965-10-01,61719.0,71695.0,32.3179,,,3305.3
1965-11-01,61996.0,71724.0,32.4523,,,3328.6
1965-12-01,62322.0,72062.0,32.8556,,,3346.5
1966-01-01,62529.0,72198.0,33.1782,,,3353.6
1966-02-01,62796.0,72134.0,33.3933,,,3370.7
1966-03-01,63192.0,72188.0,33.8504,,,3389.3
1966-04-01,63437.0,72510.0,33.9042,,,3388.0
1966-05-01,63712.0,72497.0,34.2268,,,3399.6
1966-06-01,64111.0,72775.0,34.3881,,,3419.3
1966-07-01,64301.0,72860.0,34.5763,,,3434.6
1966-08-01,64507.0,73146.0,34.6032,,,3444.1
1966-09-01,64643.0,73258.0,34.9259,,,3453.4
1966-10-01,64854.0,73401.0,35.1678,,,3468.5
1966-11-01,65019.0,73840.0,34.9258,,,3482.4
1966-12-01,65199.0,73729.0,35.0065,,,3478.0
1967-01-01,65407.0,73671.0,35.1716,,,3508.2
1967-02-01,65429.0,73606.0,34.7727,,,3507.6
1967-03-01,65530.0,73439.0,34.5767,,,3521.1
1967-04-01,65466.0,73882.0,34.9028,,,3522.2
1967-05-01,65620.0,73844.0,34.5983,,,3527.6
1967-06-01,65750.0,74278.0,34.594,,,3541.4
1967-07-01,65888.0,74520.0,34.5152,,,3557.6
1967-08-01,66143.0,74767.0,35.1765,,,3572.9
1967-09-01,66164.0,74854.0,35.1194,,,3577.9
1967-10-01,66225.0,75051.0,35.4054,,,3579.1
1967-11-01,66703.0,75125.0,35.9118,,,3601.6
1967-12-01,66900.0,75473.0,36.2985,,,3611.3
1968-01-01,66804.0,74700.0,36.2595,,,3629.2
1968-02-01,67215.0,75229.0,36.3894,,,3658.9
1968-03-01,67295.0,75379.0,36.503,,,3676.8
1968-04-01,67556.0,75561.0,36.5558,,,3688.0
1968-05-01,67652.0,76107.0,36.9659,,,3710.6
1968-06-01,67905.0,76182.0,37.1017,,,3728.6
1968-07-01,68126.0,76087.0,37.0448,,,3751.3
1968-08-01,68330.0,76043.0,37.1482,,,3765.4
1968-09-01,68484.0,76172.0,37.2889,,,3785.0
1968-10-01,68721.0,76224.0,37.3629,,,3790.5
1968-11-01,68984.0,76494.0,37.8462,,,3807.9
1968-12-01,69248.0,76778.0,37.9657,,,3823.3
1969-01-01,69439.0,76805.0,38.1954,,,3824.3
1969-02-01,69699.0,77327.0,38.4398,,,3840.1
1969-03-01,69905.0,77367.0,38.7412,,,3859.1
1969-04-01,70072.0,77523.0,38.5987,,,3868.8
1969-05-01,70328.0,77412.0,38.4528,,,3884.3
1969-06-01,70636.0,77880.0,38.8285,,,3899.4
1969-07-01,70729.0,77959.0,39.0334,,,3920.7
1969-08-01,71008.0,78250.0,39.1231,,,3945.2
1969-09-01,70914.0,78250.0,39.1143,,,3955.8
1969-10-01,71121.0,78445.0,39.1258,,,3961.6
1969-11-01,71086.0,78541.0,38.757,,,3965.8
1969-12-01,71241.0,78740.0,38.653,,,3972.8
1970-01-01,71176.0,78780.0,37.9372,,,3979.5
1970-02-01,71305.0,78698.0,37.9122,,,3986.5
1970-03-01,71451.0,78863.0,37.863,,,4001.6
1970-04-01,71348.0,78930.0,37.7656,,,3978.0
1970-05-01,71124.0,78564.0,37.7216,,,3986.4
1970-06-01,71029.0,78413.0,37.5996,,,3999.3
1970-07-01,71053.0,78726.0,37.6919,,,4020.4
1970-08-01,70937.0,78624.0,37.6247,,,4028.3
1970-09-01,70944.0,78498.0,37.3654,,,4017.2
1970-10-01,70521.0,78685.0,36.6179,,,3994.3
1970-11-01,70409.0,78650.0,36.3961,,,3992.7
1970-12-01,70792.0,78594.0,37.232,,,4002.9
1971-01-01,70865.0,78864.0,37.5184,,,4041.6
1971-02-01,70807.0,78700.0,37.4469,,,4045.8
1971-03-01,70860.0,78588.0,37.4063,,,4056.9
1971-04-01,71036.0,78987.0,37.6164,,,4068.1
1971-05-01,71247.0,79139.0,37.8073,,,4084.7
1971-06-01,71254.0,78757.0,37.9658,,,4086.5
1971-07-01,71315.0,79305.0,37.8556,,,4091.7
1971-08-01,71373.0,79539.0,37.6359,,,4107.2
1971-09-01,71614.0,79689.0,38.2476,,,4125.2
1971-10-01,71642.0,79918.0,38.5339,,,4142.0
1971-11-01,71847.0,80297.0,38.6974,,,4159.2
1971-12-01,72109.0,80471.0,39.1441,,,4184.5
1972-01-01,72441.0,80959.0,40.0823,,,4208.2
1972-02-01,72648.0,81108.0,40.485,,,4231.9
1972-03-01,72944.0,81573.0,40.7718,,,4259.5
1972-04-01,73162.0,81655.0,41.1759,,,4273.3
1972-05-01,73469.0,81887.0,41.1792,,,4291.2
1972-06-01,73758.0,82083.0,41.2864,,,4304.2
1972-07-01,73709.0,82230.0,41.2475,,,4332.2
1972-08-01,74141.0,82578.0,41.8173,,,4375.5
1972-09-01,74264.0,82543.0,42.1375,,,4396.4
1972-10-01,74674.0,82616.0,42.6806,,,4471.0
1972-11-01,74973.0,82990.0,43.1838,,,4504.1
1972-12-01,75268.0,83400.0,43.669,,,4530.8
1973-01-01,75617.0,83161.0,43.9874,,,4506.6
1973-02-01,76014.0,83912.0,44.6275,,,4523.8
1973-03-01,76284.0,84452.0,44.6439,,,4525.8
1973-04-01,76455.0,84559.0,44.5779,,,4539.4
1973-05-01,76648.0,84648.0,44.8726,,,4556.1
1973-06-01,76887.0,85185.0,44.9269,,,4573.5
1973-07-01,76913.0,85299.0,45.0921,,,4591.5
1973-08-01,77168.0,85204.0,45.0305,,,4573.1
1973-09-01,77276.0,85488.0,45.3912,,,4601.6
1973-10-01,77607.0,85987.0,45.7542,,,4644.2
1973-11-01,77920.0,86320.0,45.9606,,,4654.9
1973-12-01,78031.0,86401.0,45.8321,,,4644.0
1974-01-01,78100.0,86555.0,45.5297,,,4589.0
1974-02-01,78254.0,86754.0,45.3982,,,4559.3
1974-03-01,78296.0,86819.0,45.3907,,,4527.8
1974-04-01,78382.0,86669.0,45.253,,,4505.4
1974-05-01,78549.0,86891.0,45.6185,,,4508.4
1974-06-01,78604.0,86941.0,45.5354,,,4506.5
1974-07-01,78636.0,87149.0,45.6196,,,4510.0
1974-08-01,78619.0,87037.0,45.1411,,,4503.6
1974-09-01,78610.0,87051.0,45.1475,,,4498.0
1974-10-01,78630.0,86995.0,45.0063,,,4507.8
1974-11-01,78265.0,86626.0,43.5222,,,4472.5
1974-12-01,77652.0,86144.0,41.9572,,,4456.0
1975-01-01,77293.0,85627.0,41.3766,,,4442.2
1975-02-01,76918.0,85256.0,40.4317,,,4421.8
1975-03-01,76648.0,85187.0,39.9919,,,4421.6
1975-04-01,76460.0,85189.0,40.066,,,4416.5
1975-05-01,76624.0,85451.0,39.9521,,,4439.9
1975-06-01,76521.0,85355.0,40.2049,,,4449.0
1975-07-01,76770.0,85894.0,40.6187,,,4447.1
1975-08-01,77153.0,86234.0,41.0204,,,4484.7
1975-09-01,77228.0,86279.0,41.5526,,,4497.5
1975-10-01,77540.0,86370.0,41.7303,,,4516.9
1975-11-01,77685.0,86456.0,41.7882,,,4526.8
1975-12-01,78017.0,86665.0,42.3527,,,4528.7
1976-01-01,78503.0,87400.0,42.9179,,,4553.5
1976-02-01,78816.0,87672.0,43.3469,,,4583.4
1976-03-01,79048.0,87985.0,43.4396,,,4601.8
1976-04-01,79292.0,88416.0,43.6562,,,4626.6
1976-05-01,79312.0,88794.0,43.842,,,4640.8
1976-06-01,79376.0,88563.0,43.8892,,,4644.1
1976-07-01,79547.0,89093.0,44.1328,,,4660.0
1976-08-01,79704.0,89223.0,44.4373,,,4678.0
1976-09-01,79892.0,89173.0,44.5848,,,4685.6
1976-10-01,79911.0,89274.0,44.5707,,,4689.5
1976-11-01,80240.0,89634.0,45.2543,,,4728.2
1976-12-01,80448.0,89803.0,45.7422,,,4744.1
1977-01-01,80690.0,89928.0,45.4293,,,4726.1
1977-02-01,80988.0,90342.0,46.1459,,,4743.2
1977-03-01,81391.0,90808.0,46.7314,,,4765.4
1977-04-01,81728.0,91271.0,47.188,,,4789.3
1977-05-01,82088.0,91754.0,47.552,,,4814.4
1977-06-01,82488.0,91959.0,47.9155,,,4829.7
1977-07-01,82834.0,92084.0,47.9773,,,4848.1
1977-08-01,83075.0,92441.0,48.0266,,,4861.6
1977-09-01,83532.0,92702.0,48.2179,,,4900.6
1977-10-01,83800.0,93052.0,48.295,,,4956.6
1977-11-01,84173.0,93761.0,48.3823,,,4987.6
1977-12-01,84410.0,94105.0,48.4679,,,5014.3
1978-01-01,84594.0,94384.0,47.7604,,,4995.2
1978-02-01,84948.0,94519.0,48.0271,,,5021.5
1978-03-01,85460.0,94755.0,48.9459,,,5052.8
1978-04-01,86162.0,95394.0,49.9198,,,5093.2
1978-05-01,86509.0,95769.0,50.1602,,,5095.2
1978-06-01,86950.0,96343.0,50.4826,,,5124.9
1978-07-01,87204.0,96090.0,50.4464,,,5136.2
1978-08-01,87483.0,96431.0,50.6531,,,5159.7
1978-09-01,87621.0,96670.0,50.7724,,,5173.3
1978-10-01,87956.0,97133.0,51.1649,,,5195.9
1978-11-01,88391.0,97485.0,51.5582,,,5202.6
1978-12-01,88671.0,97581.0,51.8153,,,5236.1
1979-01-01,88808.0,97948.0,51.5359,,,5248.7
1979-02-01,89055.0,98329.0,51.7994,,,5278.5
1979-03-01,89479.0,98480.0,51.9544,,,5294.3
1979-04-01,89417.0,98103.0,51.334,,,5242.7
1979-05-01,89789.0,98331.0,51.7922,,,5227.5
1979-06-01,90108.0,98679.0,51.7961,,,5235.8
1979-07-01,90217.0,99006.0,51.7124,,,5241.8
1979-08-01,90300.0,98776.0,51.3766,,,5250.9
1979-09-01,90327.0,99340.0,51.3741,,,5254.8
1979-10-01,90481.0,99404.0,51.7268,,,5253.6
1979-11-01,90573.0,99574.0,51.6422,,,5270.2
1979-12-01,90672.0,99933.0,51.6763,,,5283.1
1980-01-01,90800.0,99879.0,51.9545,,,5277.0
1980-02-01,90883.0,99995.0,51.9779,,,5256.5
1980-03-01,90994.0,99713.0,51.7565,,,5238.5
1980-04-01,90849.0,99233.0,50.7369,,,5228.0
1980-05-01,90420.0,98945.0,49.49,,,5206.0
1980-06-01,90101.0,98682.0,48.8505,,,5214.4
1980-07-01,89840.0,98796.0,48.4997,,,5196.7
1980-08-01,90099.0,98824.0,48.6554,,,5215.0
1980-09-01,90213.0,99077.0,49.4677,,,5232.4
1980-10-01,90490.0,99317.0,50.0947,,,5292.9
1980-11-01,90747.0,99545.0,50.9311,,,5317.8
1980-12-01,90943.0,99634.0,51.2644,,,5339.5
1981-01-01,91033.0,99955.0,50.9453,,,5324.9
1981-02-01,91105.0,100191.0,50.7332,,,5309.3
1981-03-01,91210.0,100571.0,50.9922,,,5324.6
1981-04-01,91283.0,101056.0,50.778,,,5320.2
1981-05-01,91296.0,101048.0,51.0667,,,5337.2
1981-06-01,91490.0,100298.0,51.3355,,,5370.9
1981-07-01,91601.0,100693.0,51.6646,,,5427.8
1981-08-01,91565.0,100689.0,51.6049,,,5454.8
1981-09-01,91477.0,100064.0,51.3527,,,5449.5
1981-10-01,91380.0,100378.0,50.9581,,,5430.4
1981-11-01,91171.0,100207.0,50.3634,,,5433.5
1981-12-01,90895.0,99645.0,49.8181,,,5430.3
1982-01-01,90565.0,99692.0,48.7979,,,5419.4
1982-02-01,90563.0,99762.0,49.7942,,,5439.4
1982-03-01,90434.0,99672.0,49.459,,,5435.0
1982-04-01,90150.0,99576.0,49.0072,,,5466.4
1982-05-01,90107.0,100116.0,48.6784,,,5468.1
1982-06-01,89865.0,99543.0,48.5529,,,5445.2
1982-07-01,89521.0,99493.0,48.3859,,,5425.2
1982-08-01,89363.0,99633.0,47.9495,,,5436.7
1982-09-01,89183.0,99504.0,47.8258,,,5425.8
1982-10-01,88907.0,99215.0,47.3656,,,5415.4
1982-11-01,88786.0,99112.0,47.2148,,,5419.9
1982-12-01,88771.0,99032.0,46.8797,,,5451.9
1983-01-01,88990.0,99161.0,47.7491,,,5458.2
1983-02-01,88917.0,99089.0,47.4548,,,5458.5
1983-03-01,89090.0,99179.0,47.8516,,,5480.2
1983-04-01,89364.0,99560.0,48.4511,,,5489.2
1983-05-01,89644.0,99642.0,48.7542,,,5514.5
1983-06-01,90021.0,100633.0,49.0496,,,5529.9
1983-07-01,90437.0,101208.0,49.7773,,,5562.4
1983-08-01,90129.0,101608.0,50.3727,,,5555.9
1983-09-01,91247.0,102016.0,51.098,,,5604.1
1983-10-01,91520.0,102039.0,51.4993,,,5668.5
1983-11-01,91875.0,102729.0,51.727,,,5703.9
1983-12-01,92230.0,102996.0,51.9886,,,5755.7
1984-01-01,92673.0,103201.0,53.0175,,,5777.9
1984-02-01,93157.0,103824.0,53.2651,,,5819.3
1984-03-01,93429.0,103967.0,53.5145,,,5856.2
1984-04-01,93792.0,104336.0,53.8319,,,5896.5
1984-05-01,94098.0,105193.0,54.1204,,,5912.7
1984-06-01,94479.0,105591.0,54.3133,,,5961.8
1984-07-01,94789.0,105435.0,54.4644,,,5978.9
1984-08-01,95032.0,105163.0,54.53,,,6019.6
1984-09-01,95344.0,105490.0,54.3775,,,6075.2
1984-10-01,95629.0,105638.0,54.3528,,,6049.7
1984-11-01,95982.0,105972.0,54.5344,,,6083.4
1984-12-01,96107.0,106223.0,54.5608,,,6112.7
1985-01-01,96372.0,106302.0,54.5342,,,6106.5
1985-02-01,96503.0,106555.0,54.7019,,,6111.5
1985-03-01,96842.0,106989.0,54.7739,,,6140.2
1985-04-01,97038.0,106936.0,54.6662,,,6128.2
1985-05-01,97312.0,106932.0,54.7472,,,6144.9
1985-06-01,97459.0,106505.0,54.7211,,,6171.1
1985-07-01,97648.0,106807.0,54.4381,,,6169.5
1985-08-01,97840.0,107095.0,54.619,,,6180.7
1985-09-01,98045.0,107657.0,54.82,,,6209.5
1985-10-01,98233.0,107847.0,54.6304,,,6242.3
1985-11-01,98443.0,108007.0,54.8176,,,6252.6
1985-12-01,98609.0,108216.0,55.3596,,,6295.7
1986-01-01,98732.0,108887.0,55.6511,,,6277.3
1986-02-01,98847.0,108480.0,55.27,,,6310.2
1986-03-01,98934.0,108837.0,54.8828,,,6369.7
1986-04-01,99121.0,108952.0,54.9456,,,6390.2
1986-05-01,99248.0,109089.0,55.0535,,,6394.4
1986-06-01,99155.0,109576.0,54.837,,,6395.7
1986-07-01,99473.0,109810.0,55.1716,,,6416.9
1986-08-01,99588.0,110015.0,55.0792,,,6441.9
1986-09-01,99934.0,110085.0,55.2317,,,6448.0
1986-10-01,100121.0,110273.0,55.4645,,,6448.9
1986-11-01,100308.0,110475.0,55.6854,,,6461.9
1986-12-01,100509.0,110728.0,56.212,,,6485.2
1987-01-01,100678.0,110953.0,56.0012,,,6473.4
1987-02-01,100919.0,111257.0,56.7438,,,6493.4
1987-03-01,101164.0,111408.0,56.8235,,,6511.4
1987-04-01,101499.0,111794.0,57.1954,,,6507.7
1987-05-01,101728.0,112434.0,57.5498,,,6542.1
1987-06-01,101900.0,112246.0,57.8603,,,6546.4
1987-07-01,102247.0,112634.0,58.2501,,,6570.7
1987-08-01,102420.0,113057.0,58.6889,,,6613.8
1987-09-01,102647.0,112909.0,58.9137,,,6622.5
1987-10-01,103138.0,113282.0,59.7083,,,6670.6
1987-11-01,103372.0,113505.0,60.0022,,,6709.9
1987-12-01,103661.0,113793.0,60.3336,,,6793.8
1988-01-01,103753.0,114016.0,60.3186,,,6765.9
1988-02-01,104214.0,114227.0,60.6209,,,6800.9
1988-03-01,104489.0,114037.0,60.7591,,,6808.8
1988-04-01,104732.0,114650.0,61.1144,,,6839.6
1988-05-01,104962.0,114292.0,60.9952,,,6848.1
1988-06-01,105326.0,114927.0,61.1697,,,6876.1
1988-07-01,105550.0,115060.0,61.1749,,,6911.5
1988-08-01,105674.0,115282.0,61.4851,,,6929.8
1988-09-01,106013.0,115356.0,61.2844,,,6946.2
1988-10-01,106276.0,115638.0,61.5595,,,6989.1
1988-11-01,106617.0,116100.0,61.7128,,,6988.0
1988-12-01,106898.0,116104.0,61.9983,,,7026.0
1989-01-01,107161.0,116708.0,62.1789,,,7072.7
1989-02-01,107427.0,116776.0,61.9074,,,7093.0
1989-03-01,107621.0,117022.0,62.0592,,,7121.5
1989-04-01,107791.0,117097.0,62.0424,,,7099.5
1989-05-01,107913.0,117099.0,61.6948,,,7066.7
1989-06-01,108027.0,117418.0,61.6915,,,7084.0
1989-07-01,108069.0,117472.0,61.0978,,,7108.6
1989-08-01,108120.0,117655.0,61.6949,,,7120.2
1989-09-01,108369.0,117354.0,61.4839,,,7137.5
1989-10-01,108476.0,117581.0,61.4105,,,7172.8
1989-11-01,108752.0,117912.0,61.6172,,,7175.1
1989-12-01,108836.0,117830.0,61.9635,,,7185.9
1990-01-01,109188.0,119081.0,61.644,,,7184.9
1990-02-01,109432.0,119059.0,62.2108,,,7210.5
1990-03-01,109636.0,119203.0,62.5068,,,7216.8
1990-04-01,109670.0,118852.0,62.3597,,,7262.7
1990-05-01,109833.0,119151.0,62.5474,,,7252.9
1990-06-01,109857.0,118983.0,62.7541,,,7261.7
1990-07-01,109823.0,118810.0,62.6497,,,7289.9
1990-08-01,109609.0,118802.0,62.8761,,,7242.0
1990-09-01,109521.0,118524.0,62.896,,,7231.3
1990-10-01,109373.0,118536.0,62.506,,,7159.5
1990-11-01,109220.0,118306.0,61.7271,,,7156.9
1990-12-01,109172.0,118241.0,61.2939,,,7186.8
1991-01-01,109050.0,117940.0,61.0931,,,7117.2
1991-02-01,108731.0,117755.0,60.6522,,,7116.1
1991-03-01,108568.0,117652.0,60.3069,,,7120.0
1991-04-01,108351.0,118109.0,60.4658,,,7136.9
1991-05-01,108249.0,117440.0,61.0671,,,7134.8
1991-06-01,108337.0,117639.0,61.5611,,,7174.5
1991-07-01,108290.0,117568.0,61.723,,,7156.6
1991-08-01,108301.0,117484.0,61.736,,,7166.3
1991-09-01,108334.0,117928.0,62.2464,,,7185.1
1991-10-01,108361.0,117800.0,62.1825,,,7169.7
1991-11-01,108301.0,117770.0,62.0983,,,7186.3
1991-12-01,108333.0,117466.0,61.8108,,,7232.8
1992-01-01,108367.0,117978.0,61.4898,,,7251.5
1992-02-01,108313.0,117753.0,61.9299,,,7290.1
1992-03-01,108360.0,118144.0,62.449,,,7294.4
1992-04-01,108515.0,118426.0,62.9312,,,7313.2
1992-05-01,108648.0,118375.0,63.1359,,,7352.4
1992-06-01,108717.0,118419.0,63.1736,,,7384.2
1992-07-01,108799.0,118713.0,63.7408,,,7373.5
1992-08-01,108922.0,118826.0,63.3917,,,7401.0
1992-09-01,108955.0,118720.0,63.5927,,,7363.9
1992-10-01,109135.0,118628.0,64.0282,,,7321.0
1992-11-01,109279.0,118876.0,64.2732,,,7353.6
1992-12-01,109502.0,118997.0,64.3668,,,7655.0
1993-01-01,109794.0,119075.0,64.6256,,,7390.7
1993-02-01,110044.0,119275.0,64.929,,,7432.5
1993-03-01,109992.0,119542.0,64.872,,,7403.9
1993-04-01,110295.0,119474.0,65.0611,,,7473.1
1993-05-01,110570.0,120115.0,64.8104,,,7476.3
1993-06-01,110751.0,120290.0,64.9553,,,7456.5
1993-07-01,111060.0,120467.0,65.1198,,,7477.1
1993-08-01,111209.0,120856.0,65.0494,,,7489.9
1993-09-01,111455.0,120554.0,65.3882,,,7469.1
1993-10-01,111733.0,120823.0,65.8702,,,7439.5
1993-11-01,111989.0,121169.0,66.1779,,,7461.7
1993-12-01,112323.0,121464.0,66.5602,,,7752.5
1994-01-01,112598.0,121966.0,66.7722,,,7565.0
1994-02-01,112779.0,122086.0,66.8068,,,7574.1
1994-03-01,113240.0,121930.0,67.4832,,,7597.7
1994-04-01,113587.0,122290.0,67.8771,,,7676.1
1994-05-01,113923.0,122864.0,68.1961,,,7698.1
1994-06-01,114237.0,122634.0,68.6526,,,7687.8
1994-07-01,114607.0,122706.0,68.7353,,,7706.9
1994-08-01,114899.0,123342.0,69.1954,,,7716.3
1994-09-01,115254.0,123687.0,69.4017,,,7752.9
1994-10-01,115457.0,124112.0,69.969,,,7815.2
1994-11-01,115872.0,124516.0,70.4367,,,7811.0
1994-12-01,116174.0,124721.0,71.1413,,,7843.2
1995-01-01,116504.0,124663.0,71.2762,,,7865.0
1995-02-01,116692.0,124928.0,71.1904,,,7881.4
1995-03-01,116907.0,124955.0,71.2891,,,7899.5
1995-04-01,117065.0,124945.0,71.1623,,,7912.6
1995-05-01,117050.0,124421.0,71.5044,,,7912.5
1995-06-01,117285.0,124522.0,71.743,,,7948.3
1995-07-01,117377.0,124816.0,71.4459,,,7974.2
1995-08-01,117639.0,124852.0,72.38,,,7989.2
1995-09-01,117880.0,125133.0,72.6601,,,8026.4
1995-10-01,118029.0,125388.0,72.5428,,,8050.8
1995-11-01,118168.0,125188.0,72.7178,,,8085.1
1995-12-01,118325.0,125088.0,72.9672,,,8094.0
1996-01-01,118318.0,125125.0,72.5866,,,8102.2
1996-02-01,118734.0,125639.0,73.6389,,,8172.2
1996-03-01,118990.0,125862.0,73.5202,,,8196.0
1996-04-01,119156.0,125994.0,74.2664,,,8210.4
1996-05-01,119489.0,126244.0,74.8145,,,8251.9
1996-06-01,119770.0,126602.0,75.3779,,,8312.8
1996-07-01,120015.0,126947.0,75.3754,,,8303.0
1996-08-01,120201.0,127172.0,75.7568,,,8338.0
1996-09-01,120402.0,127536.0,76.2304,,,8369.8
1996-10-01,120663.0,127890.0,76.2193,,,8375.9
1996-11-01,120949.0,127771.0,76.8941,,,8405.9
1996-12-01,121145.0,127860.0,77.3731,,,8442.0
1997-01-01,121363.0,128298.0,77.5138,898609.0,,8477.0
1997-02-01,121675.0,128298.0,78.4246,916958.0,,8516.0
1997-03-01,121989.0,128891.0,78.9266,917376.0,,8555.7
1997-04-01,122284.0,129143.0,78.9924,920441.0,,8568.6
1997-05-01,122551.0,129464.0,79.4411,920215.0,,8614.9
1997-06-01,122816.0,129412.0,79.8048,932603.0,,8648.6
1997-07-01,123112.0,129822.0,80.48,942048.0,,8692.3
1997-08-01,123092.0,130010.0,81.2862,939378.0,,8748.6
1997-09-01,123577.0,130019.0,82.038,946972.0,,8778.2
1997-10-01,123924.0,130179.0,82.7657,944230.0,,8831.7
1997-11-01,124229.0,130653.0,83.4321,954274.0,,8902.2
1997-12-01,124551.0,130679.0,83.7826,951871.0,,8957.7
1998-01-01,124813.0,130726.0,84.1656,953719.0,,9045.0
1998-02-01,125019.0,130807.0,84.3048,967109.0,,9112.6
1998-03-01,125164.0,130814.0,84.3416,971898.0,,9171.8
1998-04-01,125447.0,131209.0,84.6263,973216.0,,9212.6
1998-05-01,125847.0,131325.0,85.1839,976540.0,,9262.9
1998-06-01,126078.0,131244.0,84.6809,972634.0,,9319.7
1998-07-01,126208.0,131329.0,84.3448,966951.0,,9343.9
1998-08-01,126547.0,131390.0,86.0846,977500.0,,9384.0
1998-09-01,126745.0,131986.0,85.9945,986814.0,,9414.7
1998-10-01,126950.0,131999.0,86.5967,995183.0,,9433.7
1998-11-01,127224.0,132280.0,86.5114,999456.0,,9478.1
1998-12-01,127599.0,132602.0,86.8608,1007152.0,,9497.8
1999-01-01,127704.0,133027.0,87.2277,1005803.0,,9526.4
1999-02-01,128118.0,132856.0,87.7266,1021353.0,,9569.7
1999-03-01,128234.0,132947.0,87.9203,1019851.0,,9574.7
1999-04-01,128598.0,132955.0,88.1153,1018152.0,,9556.6
1999-05-01,128810.0,133311.0,88.6554,1033086.0,,9577.7
1999-06-01,129088.0,133378.0,88.5958,1034140.0,,9612.4
1999-07-01,129422.0,133414.0,89.1235,1035484.0,,9639.2
1999-08-01,129569.0,133591.0,89.5116,1043658.0,,9681.7
1999-09-01,129781.0,133707.0,89.1361,1041766.0,,9676.6
1999-10-01,130179.0,133993.0,90.2842,1050919.0,,9739.5
1999-11-01,130466.0,134309.0,90.7631,1056351.0,,9816.9
1999-12-01,130780.0,134523.0,91.4926,1060927.0,,9904.0
2000-01-01,131009.0,136559.0,91.4251,1069375.0,,10000.3
2000-02-01,131120.0,136598.0,91.7357,1050132.0,,10045.9
2000-03-01,131605.0,136701.0,92.0933,1062548.0,,10078.6
2000-04-01,131884.0,137270.0,92.6838,1071378.0,,10127.6
2000-05-01,132106.0,136630.0,92.9376,1065692.0,,10135.7
2000-06-01,132060.0,136940.0,93.0076,1072737.0,,10184.3
2000-07-01,132226.0,136531.0,92.8458,1065977.0,,10244.3
2000-08-01,132231.0,136662.0,92.5972,1066347.0,,10298.3
2000-09-01,132356.0,136893.0,92.9653,1077852.0,,10308.4
2000-10-01,132352.0,137088.0,92.6418,1069627.0,,10337.7
2000-11-01,132553.0,137322.0,92.6618,1061839.0,,10350.5
2000-12-01,132718.0,137614.0,92.3459,1070164.0,,10354.8
2001-01-01,132698.0,137778.0,91.8903,1061578.0,,10400.3
2001-02-01,132785.0,137612.0,91.2915,1066262.0,,10421.6
2001-03-01,132753.0,137783.0,91.0526,1053481.0,,10452.6
2001-04-01,132456.0,137299.0,90.7293,1045172.0,,10410.4
2001-05-01,132412.0,137092.0,90.2577,1054208.0,,10376.7
2001-06-01,132296.0,136873.0,89.7677,1039840.0,,10362.4
2001-07-01,132171.0,137071.0,89.226,1043806.0,,10360.8
2001-08-01,132024.0,136241.0,89.1326,1052430.0,,10353.3
2001-09-01,131765.0,136846.0,88.6679,1030304.0,,10339.7
2001-10-01,131452.0,136392.0,88.3926,1060915.0,,10281.1
2001-11-01,131142.0,136238.0,87.8774,1055757.0,,10274.1
2001-12-01,130985.0,136047.0,87.8344,1057834.0,,10277.7
2002-01-01,130852.0,135701.0,88.4665,1056809.0,,10282.4
2002-02-01,130732.0,136438.0,88.4661,1060653.0,,10284.8
2002-03-01,130721.0,136177.0,89.1228,1055421.0,,10284.1
2002-04-01,130617.0,136126.0,89.5532,1067559.0,,10280.0
2002-05-01,130633.0,136539.0,89.934,1069774.0,,10307.9
2002-06-01,130683.0,136415.0,90.6769,1073259.0,,10339.8
2002-07-01,130583.0,136413.0,90.6455,1070268.0,,10302.9
2002-08-01,130587.0,136705.0,90.5475,1080545.0,,10300.4
2002-09-01,130498.0,137302.0,90.6381,1071285.0,,10302.1
2002-10-01,130621.0,137008.0,90.4041,1066346.0,,10322.1
2002-11-01,130618.0,136521.0,90.8985,1077771.0,,10344.9
2002-12-01,130470.0,136426.0,90.389,1069405.0,,10360.2
2003-01-01,130579.0,137417.0,91.1355,1075692.0,,10324.3
2003-02-01,130443.0,137482.0,91.2502,1063803.0,,10285.2
2003-03-01,130233.0,137434.0,91.0059,1073501.0,,10298.6
2003-04-01,130176.0,137633.0,90.4281,1070393.0,,10341.0
2003-05-01,130197.0,137544.0,90.4073,1079781.0,,10417.3
2003-06-01,130192.0,137790.0,90.5218,1089890.0,,10450.0
2003-07-01,130183.0,137474.0,90.9896,1098175.0,,10457.1
2003-08-01,130153.0,137549.0,90.7858,1097724.0,,10473.1
2003-09-01,130252.0,137609.0,91.3829,1102189.0,,10491.3
2003-10-01,130439.0,137984.0,91.5005,1104794.0,,10547.7
2003-11-01,130482.0,138424.0,92.1265,1109066.0,,10621.1
2003-12-01,130595.0,138411.0,92.1722,1105930.0,,10611.8
2004-01-01,130765.0,138472.0,92.327,1100415.0,,10578.0
2004-02-01,130822.0,138542.0,92.8873,1108947.0,,10580.1
2004-03-01,131139.0,138453.0,92.5325,1134983.0,,10619.2
2004-04-01,131410.0,138680.0,92.9096,1122891.0,,10655.2
2004-05-01,131694.0,138852.0,93.5838,1126018.0,,10720.8
2004-06-01,131789.0,139174.0,92.8621,1124971.0,,10734.6
2004-07-01,131849.0,139556.0,93.5511,1126633.0,,10788.8
2004-08-01,131936.0,139573.0,93.6328,1136416.0,,10816.8
2004-09-01,132082.0,139487.0,93.7418,1141076.0,,10834.4
2004-10-01,132433.0,139732.0,94.5671,1143491.0,,10842.5
2004-11-01,132509.0,140231.0,94.8,1145583.0,,10809.0
2004-12-01,132633.0,140125.0,95.5426,1163441.0,,11216.7
2005-01-01,132778.0,140245.0,95.8831,1167649.0,,10842.0
2005-02-01,133033.0,140385.0,96.5616,1168023.0,,10836.7
2005-03-01,133153.0,140654.0,96.4371,1160056.0,,10877.8
2005-04-01,133516.0,141254.0,96.628,1177581.0,,10909.6
2005-05-01,133687.0,141609.0,96.7306,1175330.0,,10963.9
2005-06-01,133940.0,141714.0,97.1488,1186461.0,,10996.5
2005-07-01,134297.0,142026.0,96.8383,1185681.0,,11029.5
2005-08-01,134495.0,142434.0,97.1603,1188599.0,,11028.8
2005-09-01,134551.0,142401.0,95.2729,1182865.0,,10998.5
2005-10-01,134644.0,142548.0,96.4383,1182725.0,,11081.4
2005-11-01,135001.0,142499.0,97.4951,1198972.0,,11158.5
2005-12-01,135161.0,142752.0,97.9788,1205870.0,,11206.7
2006-01-01,135425.0,143150.0,98.1305,1212206.0,,11309.9
2006-02-01,135731.0,143457.0,98.1779,1215079.0,,11389.7
2006-03-01,136040.0,143741.0,98.3898,1217128.0,,11441.6
2006-04-01,136211.0,143761.0,98.6769,1205627.0,,11453.9
2006-05-01,136247.0,144089.0,98.7052,1215535.0,,11437.1
2006-06-01,136328.0,144353.0,99.0427,1212189.0,,11447.3
2006-07-01,136522.0,144202.0,98.9804,1206927.0,,11430.6
2006-08-01,136688.0,144625.0,99.4106,1213695.0,,11414.5
2006-09-01,136824.0,144815.0,99.2207,1213475.0,,11486.6
2006-10-01,136848.0,145314.0,99.1253,1214355.0,,11562.6
2006-11-01,137069.0,145534.0,99.0969,1215059.0,,11624.9
2006-12-01,137253.0,145970.0,100.1122,1234494.0,,11683.5
2007-01-01,137476.0,146028.0,99.7571,1226965.0,11181.0,11666.7
2007-02-01,137554.0,146057.0,100.7275,1234327.0,11178.2,11713.7
2007-03-01,137781.0,146320.0,100.9023,1235875.0,11190.7,11765.5
2007-04-01,137843.0,145586.0,101.5874,1233744.0,11201.5,11801.5
2007-05-01,137993.0,145903.0,101.6299,1242000.0,11218.0,11811.5
2007-06-01,138072.0,146063.0,101.6482,1240587.0,11218.5,11807.8
2007-07-01,138042.0,145905.0,101.4925,1233195.0,11252.6,11812.0
2007-08-01,138017.0,145682.0,101.6874,1248674.0,11300.1,11798.6
2007-09-01,138103.0,146244.0,101.9398,1249279.0,11309.6,11808.3
2007-10-01,138174.0,145946.0,101.6345,1255916.0,11318.6,11791.6
2007-11-01,138292.0,146595.0,102.2068,1252867.0,11342.2,11784.9
2007-12-01,138398.0,146273.0,102.2604,1242662.0,11335.1,11825.3
2008-01-01,138399.0,146378.0,102.14,1248910.0,11333.2,11830.2
2008-02-01,138323.0,146156.0,101.7671,1236974.0,11293.9,11841.2
2008-03-01,138255.0,146086.0,101.4355,1220580.0,11322.1,11844.7
2008-04-01,138038.0,146132.0,100.7424,1233018.0,11340.5,11775.0
2008-05-01,137847.0,145908.0,100.132,1224494.0,11361.6,11728.6
2008-06-01,137689.0,145737.0,99.8651,1222857.0,11340.7,11669.1
2008-07-01,137492.0,145532.0,99.4214,1201769.0,11286.0,11623.9
2008-08-01,137209.0,145203.0,97.8448,1192943.0,11284.7,11680.1
2008-09-01,136758.0,145076.0,93.559,1163601.0,11209.7,11678.3
2008-10-01,136294.0,144802.0,94.4956,1152758.0,11192.5,11749.8
2008-11-01,135546.0,144100.0,93.2689,1121305.0,11158.2,11812.4
2008-12-01,134849.0,143369.0,90.628,1115214.0,11125.8,11680.5
2009-01-01,134069.0,142152.0,88.3811,1091570.0,11176.3,11475.8
2009-02-01,133311.0,141640.0,87.8412,1098345.0,11130.5,11296.4
2009-03-01,132493.0,140707.0,86.4794,1075682.0,11084.6,11225.3
2009-04-01,131825.0,140656.0,85.7883,1067305.0,11068.0,11215.7
2009-05-01,131470.0,140248.0,84.9516,1067765.0,11078.1,11207.2
2009-06-01,131002.0,140009.0,84.6928,1066077.0,11081.1,11120.7
2009-07-01,130661.0,139901.0,85.7044,1081824.0,11118.1,11067.3
2009-08-01,130480.0,139492.0,86.6617,1082444.0,11218.0,11040.4
2009-09-01,130240.0,138818.0,87.4033,1083725.0,11114.6,11032.9
2009-10-01,130062.0,138432.0,87.6035,1089060.0,11127.1,11031.5
2009-11-01,130059.0,138659.0,87.9559,1097236.0,11109.4,11063.7
2009-12-01,129808.0,138013.0,88.2468,1100924.0,11177.3,11090.7
2010-01-01,129798.0,138438.0,89.1911,1097775.0,11156.8,11065.2
2010-02-01,129700.0,138581.0,89.4972,1105025.0,11198.6,11055.9
2010-03-01,129864.0,138751.0,90.1419,1119036.0,11252.1,11099.4
2010-04-01,130115.0,139297.0,90.4591,1129045.0,11275.1,11218.9
2010-05-01,130645.0,139241.0,91.702,1125510.0,11303.2,11326.7
2010-06-01,130501.0,139141.0,91.8997,1136355.0,11330.6,11339.4
2010-07-01,130420.0,139179.0,92.2522,1145984.0,11361.7,11368.1
2010-08-01,130424.0,139438.0,92.5899,1146566.0,11389.2,11387.7
2010-09-01,130339.0,139396.0,92.8564,1146388.0,11399.9,11399.6
2010-10-01,130620.0,139119.0,92.6037,1152306.0,11428.9,11418.9
2010-11-01,130754.0,139044.0,92.6773,1155595.0,11458.0,11440.1
2010-12-01,130835.0,139301.0,93.5851,1157650.0,11473.2,11523.9
2011-01-01,130842.0,139250.0,93.3944,1171839.0,11486.0,11708.4
2011-02-01,131052.0,139394.0,92.993,1155055.0,11482.8,11761.8
2011-03-01,131277.0,139639.0,93.982,1168286.0,11522.6,11734.0
2011-04-01,131604.0,139586.0,93.6525,1164024.0,11508.9,11719.4
2011-05-01,131704.0,139624.0,93.7775,1154888.0,11495.6,11715.9
2011-06-01,131936.0,139384.0,94.0467,1166558.0,11522.3,11785.7
2011-07-01,131991.0,139524.0,94.4931,1171851.0,11542.3,11856.3
2011-08-01,132124.0,139942.0,95.0969,1180548.0,11535.3,11854.7
2011-09-01,132345.0,140183.0,95.0281,1172878.0,11554.3,11840.1
2011-10-01,132557.0,140368.0,95.6924,1187685.0,11575.1,11842.3
2011-11-01,132701.0,140826.0,95.6913,1183388.0,11555.7,11829.9
2011-12-01,132901.0,140902.0,96.1938,1193759.0,11560.9,11949.8
2012-01-01,133246.0,141584.0,96.779,1200818.0,11605.5,12032.0
2012-02-01,133518.0,141858.0,97.0959,1205143.0,11675.8,12108.5
2012-03-01,133744.0,142036.0,96.5919,1204027.0,11660.5,12142.7
2012-04-01,133827.0,141899.0,97.2942,1207954.0,11671.4,12191.2
2012-05-01,133935.0,142206.0,97.4853,1211617.0,11672.0,12183.0
2012-06-01,134007.0,142391.0,97.4959,1208240.0,11659.9,12168.5
2012-07-01,134153.0,142292.0,97.6922,1210539.0,11684.4,12080.6
2012-08-01,134330.0,142291.0,97.3061,1209461.0,11686.7,12061.8
2012-09-01,134512.0,143044.0,97.2383,1211283.0,11703.2,12161.3
2012-10-01,134671.0,143431.0,97.5425,1206602.0,11702.3,12268.6
2012-11-01,134834.0,143333.0,97.934,1228837.0,11753.4,12457.7
2012-12-01,135075.0,143330.0,98.1984,1233388.0,11758.3,12812.9
2013-01-01,135265.0,143292.0,98.2029,1237216.0,11810.6,12052.3
2013-02-01,135544.0,143362.0,98.6733,1242279.0,11808.6,12028.1
2013-03-01,135689.0,143316.0,99.0788,1235591.0,11823.8,12065.8
2013-04-01,135876.0,143635.0,98.9658,1233842.0,11826.4,12133.9
2013-05-01,136091.0,143882.0,99.0567,1247803.0,11860.1,12186.3
2013-06-01,136269.0,143999.0,99.2424,1243929.0,11857.7,12182.7
2013-07-01,136391.0,144264.0,98.9258,1244157.0,11872.3,12155.0
2013-08-01,136635.0,144326.0,99.5059,1249320.0,11890.3,12176.8
2013-09-01,136819.0,144418.0,100.0391,1253661.0,11926.1,12235.2
2013-10-01,137039.0,143537.0,99.9203,1260475.0,11964.6,12189.0
2013-11-01,137314.0,144479.0,100.1661,1275801.0,12013.7,12228.0
2013-12-01,137368.0,144778.0,100.3777,1270949.0,12024.7,12256.4
2014-01-01,137552.0,145150.0,99.999,1258055.0,11985.0,12325.9
2014-02-01,137707.0,145134.0,100.7583,1268722.0,12039.4,12398.8
2014-03-01,137986.0,145648.0,101.7767,1279006.0,12108.3,12463.0
2014-04-01,138298.0,145667.0,101.8425,1280443.0,12128.1,12494.1
2014-05-01,138501.0,145825.0,102.2594,1283964.0,12154.5,12517.4
2014-06-01,138833.0,146247.0,102.5986,1283791.0,12197.1,12562.1
2014-07-01,139076.0,146399.0,102.8163,1291656.0,12223.6,12593.5
2014-08-01,139258.0,146530.0,102.6562,1294102.0,12306.5,12657.1
2014-09-01,139563.0,146778.0,102.9776,1293829.0,12310.2,12701.3
2014-10-01,139805.0,147427.0,102.9892,1295747.0,12389.1,12769.9
2014-11-01,140089.0,147404.0,103.6402,1298950.0,12420.6,12848.6
2014-12-01,140366.0,147615.0,103.6345,1306392.0,12455.1,12933.1
2015-01-01,140562.0,148145.0,102.8239,1308978.0,12484.7,13038.7
2015-02-01,140829.0,148045.0,102.1513,1303724.0,12514.1,13086.9
2015-03-01,140924.0,148128.0,101.824,1310961.0,12551.8,13043.4
2015-04-01,141202.0,148511.0,101.244,1321167.0,12574.8,13080.5
2015-05-01,141540.0,148817.0,100.783,1307579.0,12612.7,13108.5
2015-06-01,141695.0,148816.0,100.4781,1309833.0,12621.6,13116.2
2015-07-01,141989.0,148830.0,101.1052,1313431.0,12668.4,13138.7
2015-08-01,142130.0,149181.0,100.9442,1315072.0,12699.7,13165.5
2015-09-01,142265.0,148826.0,100.6507,1327948.0,12707.2,13200.8
2015-10-01,142585.0,149246.0,100.1871,1325144.0,12715.9,13235.8
2015-11-01,142810.0,149463.0,99.4382,1322511.0,12737.0,13227.7
2015-12-01,143083.0,150128.0,98.939,1320606.0,12777.3,13278.2
2016-01-01,143198.0,150653.0,99.4558,1321509.0,12798.7,13294.9
2016-02-01,143410.0,150939.0,98.9136,1332078.0,12884.0,13288.1
2016-03-01,143666.0,151218.0,98.1907,1332612.0,12836.1,13286.4
2016-04-01,143856.0,151074.0,98.4669,1331387.0,12870.2,13263.0
2016-05-01,143901.0,151132.0,98.2518,1323914.0,12891.2,13253.1
2016-06-01,144152.0,151223.0,98.7275,1331850.0,12948.6,13272.8
2016-07-01,144515.0,151554.0,98.836,1330786.0,12972.2,13334.6
2016-08-01,144664.0,151779.0,98.7554,1340941.0,12986.1,13344.9
2016-09-01,144961.0,151761.0,98.6596,1342844.0,13020.9,13385.3
2016-10-01,145069.0,151793.0,98.7322,1344497.0,13014.9,13402.3
2016-11-01,145189.0,151954.0,98.3452,1345017.0,13036.8,13450.8
2016-12-01,145408.0,152157.0,99.0314,1361415.0,13128.5,13499.3
2017-01-01,145639.0,152152.0,98.7987,1365202.0,13136.3,13541.3
2017-02-01,145845.0,152480.0,98.4322,1363025.0,13143.4,13589.2
2017-03-01,145975.0,153065.0,99.0663,1360169.0,13201.7,13642.8
2017-04-01,146172.0,153255.0,100.0082,1355381.0,13206.1,13682.6
2017-05-01,146389.0,153069.0,100.1286,1360858.0,13214.5,13780.7
2017-06-01,146588.0,153318.0,100.3233,1365370.0,13256.7,13790.9
2017-07-01,146772.0,153569.0,100.0947,1370870.0,13290.1,13837.7
2017-08-01,146907.0,153503.0,99.6642,1378509.0,13291.7,13860.4
2017-09-01,146999.0,154286.0,99.7686,1385196.0,13364.4,13903.9
2017-10-01,147147.0,153609.0,100.9981,1393064.0,13377.0,13963.2
2017-11-01,147377.0,153805.0,101.2597,1403474.0,13450.3,14028.2
2017-12-01,147521.0,153904.0,101.4573,1412747.0,13555.4,14062.3
2018-01-01,147670.0,154425.0,101.3939,1394188.0,13541.3,14042.8
2018-02-01,148058.0,155197.0,101.7656,1401163.0,13547.3,14068.6
2018-03-01,148281.0,155214.0,102.2441,1398064.0,13586.5,14103.0
2018-04-01,148426.0,155312.0,103.3468,1398213.0,13598.7,14121.8
2018-05-01,148755.0,155652.0,102.3911,1408616.0,13640.5,14163.6
2018-06-01,148966.0,155762.0,103.1924,1402036.0,13653.7,14226.0
2018-07-01,149022.0,156146.0,103.3334,1405164.0,13682.7,14298.5
2018-08-01,149272.0,155504.0,104.0807,1412014.0,13711.5,14356.7
2018-09-01,149361.0,156015.0,104.1181,1411531.0,13687.1,14354.0
2018-10-01,149526.0,156391.0,103.9397,1406996.0,13727.1,14370.2
2018-11-01,149622.0,156721.0,104.0007,1411645.0,13800.3,14411.1
2018-12-01,149805.0,156817.0,103.9946,1408513.0,13682.3,14599.3
2019-01-01,150114.0,156529.0,103.373,1412644.0,13716.5,14565.8
2019-02-01,150092.0,156908.0,102.8292,1415268.0,13723.1,14629.0
2019-03-01,150320.0,156755.0,102.8286,1413719.0,13818.2,14662.8
2019-04-01,150563.0,156683.0,102.2481,1400401.0,13813.1,14638.4
2019-05-01,150630.0,156814.0,102.4192,1408021.0,13866.1,14636.0
2019-06-01,150797.0,157164.0,102.4893,1413647.0,13909.1,14651.8
2019-07-01,150879.0,157525.0,102.0236,1412539.0,13968.4,14644.9
2019-08-01,151111.0,157782.0,102.7754,1418631.0,14013.2,14724.0
2019-09-01,151318.0,158302.0,102.5315,1413875.0,14029.7,14754.4
2019-10-01,151447.0,158474.0,101.6022,1399583.0,14029.1,14786.9
2019-11-01,151662.0,158642.0,102.148,1406281.0,14115.4,14864.1
2019-12-01,151764.0,158834.0,101.884,1399284.0,14137.1,14792.5
2020-01-01,152098.0,158543.0,101.3768,1393350.0,14184.8,14966.4
2020-02-01,152371.0,158749.0,101.633,1402552.0,14167.8,15051.0
2020-03-01,150944.0,155451.0,97.6672,1342940.0,13234.3,14686.1
2020-04-01,130430.0,133258.0,84.5979,1182385.0,11783.3,13798.2
2020-05-01,133055.0,137128.0,85.9732,1279426.0,12758.0,14117.0
2020-06-01,137620.0,142276.0,91.5625,1381570.0,13464.8,14433.6
2020-07-01,139064.0,143779.0,95.0144,1416754.0,13667.3,14567.8
2020-08-01,140799.0,147201.0,95.8881,1423157.0,13761.1,14732.0
2020-09-01,141760.0,147625.0,95.8444,1431727.0,13953.4,14899.2
2020-10-01,142479.0,149854.0,96.4292,1441300.0,13988.6,15128.9
2020-11-01,142743.0,149928.0,96.8564,1441697.0,13953.9,15110.8
2020-12-01,142475.0,149961.0,97.9754,1456396.0,14006.3,15124.8
2021-01-01,142969.0,149871.0,98.7836,1484260.0,14180.7,15057.7
2021-02-01,143544.0,150205.0,95.3744,1444603.0,14037.8,15068.0
2021-03-01,144328.0,150751.0,98.1351,1497543.0,14629.3,15203.4
2021-04-01,144614.0,151171.0,98.2886,1498783.0,14730.7,15323.2
2021-05-01,145096.0,151482.0,99.1508,1471897.0,14689.6,15393.1
2021-06-01,145789.0,151684.0,99.5096,1477907.0,14816.4,15440.9
2021-07-01,146558.0,152782.0,100.1231,1484750.0,14784.0,15491.1
2021-08-01,147221.0,153211.0,100.1255,1482132.0,14863.0,15480.9
2021-09-01,147778.0,153867.0,99.0614,1491198.0,14899.4,15513.3
2021-10-01,148559.0,154395.0,100.3045,1496139.0,14997.3,15565.9
2021-11-01,149173.0,155535.0,101.1971,1504438.0,15019.2,15560.6
2021-12-01,149742.0,156081.0,100.886,1505373.0,14970.4,15500.8
2022-01-01,150106.0,157122.0,101.0227,1502677.0,14971.1,15399.0
2022-02-01,151010.0,157590.0,101.6766,1492385.0,14980.6,15379.6
2022-03-01,151424.0,158328.0,102.478,1489554.0,15034.0,15315.8
2022-04-01,151678.0,157982.0,102.7953,1484641.0,15081.7,15315.5
2022-05-01,152042.0,158299.0,102.7769,1465655.0,15060.0,15304.5
2022-06-01,152412.0,158057.0,102.6863,1459948.0,15065.8,15242.6
2022-07-01,152980.0,158272.0,103.1328,1464388.0,15069.1,15386.7
2022-08-01,153332.0,158694.0,103.2344,1486775.0,15136.3,15434.7
2022-09-01,153682.0,158850.0,103.5283,1487782.0,15176.7,15466.3
2022-10-01,154006.0,158593.0,103.4114,1486505.0,15202.7,15426.4
2022-11-01,154296.0,158527.0,103.0707,1474258.0,15149.8,15405.3
2022-12-01,154535.0,159244.0,101.4848,1495942.0,15161.7,15402.2
2023-01-01,155007.0,160138.0,102.5478,1496789.0,15317.6,15496.1
2023-02-01,155255.0,160315.0,102.5671,1493217.0,15325.5,15529.2
2023-03-01,155472.0,160892.0,102.6592,1478999.0,15295.4,15596.8
2023-04-01,155689.0,161031.0,103.1512,1475174.0,15316.9,15592.2
2023-05-01,155970.0,160721.0,102.924,1489005.0,15337.4,15622.4
2023-06-01,156075.0,160994.0,102.303,1488903.0,15376.3,15638.0
2023-07-01,156311.0,161262.0,103.267,1499309.0,15461.5,15680.0
2023-08-01,156476.0,161484.0,103.2927,1505849.0,15462.1,15710.9
2023-09-01,156773.0,161570.0,103.3643,1519974.0,15515.0,15741.5
2023-10-01,156923.0,161222.0,102.7081,,15541.3,15785.0
